<?xml version="1.0" encoding="UTF-8"?>
<project-private xmlns="http://www.netbeans.org/ns/project-private/1">
    <editor-bookmarks xmlns="http://www.netbeans.org/ns/editor-bookmarks/2" lastBookmarkId="0"/>
    <open-files xmlns="http://www.netbeans.org/ns/projectui-open-files/2">
        <group>
            <file>file:/Users/zoyamahmood/Downloads/SMS_GUI/src/GUI/Login.java</file>
            <file>file:/Users/zoyamahmood/Downloads/SMS_GUI/src/GUI/AddStudentGrades.java</file>
            <file>file:/Users/zoyamahmood/Downloads/SMS_GUI/test/GUI/AddStudentDetailsTest.java</file>
            <file>file:/Users/zoyamahmood/Downloads/SMS_GUI/src/GUI/MainMenu.java</file>
            <file>file:/Users/zoyamahmood/Downloads/SMS_GUI/test/GUI/AddStudentGradesTest.java</file>
            <file>file:/Users/zoyamahmood/Downloads/SMS_GUI/test/GUI/EnrollStudentTest.java</file>
            <file>file:/Users/zoyamahmood/Downloads/SMS_GUI/src/GUI/AddStudentDetails.java</file>
            <file>file:/Users/zoyamahmood/Downloads/SMS_GUI/src/GUI/EnrollStudent.java</file>
            <file>file:/Users/zoyamahmood/Downloads/SMS_GUI/src/GUI/ViewStudentDetails.java</file>
            <file>file:/Users/zoyamahmood/Downloads/SMS_GUI/src/GUI/ViewStudentEnrollments.java</file>
        </group>
    </open-files>
</project-private>
